INSERT INTO EntityImages(entity_type, entity_name, image_url)
VALUES
('Summoner', 'Rookie', 'https://ddragon.leagueoflegends.com/cdn/11.14.1/img/profileicon/934.png'),
('Summoner', 'Uzi', 'https://ddragon.leagueoflegends.com/cdn/11.14.1/img/profileicon/7.png'),
('Summoner', 'Theshy', 'https://ddragon.leagueoflegends.com/cdn/11.14.1/img/profileicon/28.png'),
('Summoner', 'Caps', 'https://ddragon.leagueoflegends.com/cdn/11.14.1/img/profileicon/23.png'),
('Summoner', 'Lwx', 'https://ddragon.leagueoflegends.com/cdn/11.14.1/img/profileicon/29.png'),
('Champion', 'Yasuo', 'https://ddragon.leagueoflegends.com/cdn/img/champion/splash/Yasuo_0.jpg'),
('Champion', 'Riven', 'https://ddragon.leagueoflegends.com/cdn/img/champion/splash/Riven_0.jpg'),
('Champion', 'Thresh', 'https://ddragon.leagueoflegends.com/cdn/img/champion/splash/Thresh_0.jpg'),
('Champion', 'Amumu', 'https://ddragon.leagueoflegends.com/cdn/img/champion/splash/Amumu_0.jpg'),
('Champion', 'Lee Sin', 'https://ddragon.leagueoflegends.com/cdn/img/champion/splash/LeeSin_0.jpg'),
('Ability', 'WAY OF THE WANDERER', 'https://ddragon.leagueoflegends.com/cdn/11.14.1/img/passive/Yasuo_Passive.png'),
('Ability', 'STEEL TEMPEST', 'https://ddragon.leagueoflegends.com/cdn/11.14.1/img/spell/YasuoQ1Wrapper.png'),
('Ability', 'WIND WALL', 'https://ddragon.leagueoflegends.com/cdn/11.14.1/img/spell/YasuoW.png'),
('Ability', 'SWEEPING BLADE', 'https://ddragon.leagueoflegends.com/cdn/11.14.1/img/spell/YasuoE.png'),
('Ability', 'LAST BREATH', 'https://ddragon.leagueoflegends.com/cdn/11.14.1/img/spell/YasuoR.png'),
('Ability', 'RUNIC BLADE', 'https://ddragon.leagueoflegends.com/cdn/11.14.1/img/passive/RivenPassive.png'),
('Ability', 'BROKEN WINGS', 'https://ddragon.leagueoflegends.com/cdn/11.14.1/img/spell/RivenTriCleave.png'),
('Ability', 'KI BURST', 'https://ddragon.leagueoflegends.com/cdn/11.14.1/img/spell/RivenMartyr.png'),
('Ability', 'VALOR', 'https://ddragon.leagueoflegends.com/cdn/11.14.1/img/spell/RivenFeint.png'),
('Ability', 'BLADE OF THE EXILE', 'https://ddragon.leagueoflegends.com/cdn/11.14.1/img/spell/RivenFengShuiEngine.png'),
-- Thresh
('Ability', 'DAMNATION', 'https://ddragon.leagueoflegends.com/cdn/11.14.1/img/passive/Thresh_Passive.png'),
('Ability', 'DEATH SENTENCE', 'https://ddragon.leagueoflegends.com/cdn/11.14.1/img/spell/ThreshQ.png'),
('Ability', 'DARK PASSAGE', 'https://ddragon.leagueoflegends.com/cdn/11.14.1/img/spell/ThreshW.png'),
('Ability', 'FLAY', 'https://ddragon.leagueoflegends.com/cdn/11.14.1/img/spell/ThreshE.png'),
('Ability', 'THE BOX', 'https://ddragon.leagueoflegends.com/cdn/11.14.1/img/spell/ThreshRPenta.png'),
-- Amumu
('Ability', 'CURSED TOUCH', 'https://ddragon.leagueoflegends.com/cdn/11.14.1/img/passive/Amumu_Passive.png'),
('Ability', 'BANDAGE TOSS', 'https://ddragon.leagueoflegends.com/cdn/11.14.1/img/spell/BandageToss.png'),
('Ability', 'DESPAIR', 'https://ddragon.leagueoflegends.com/cdn/11.14.1/img/spell/AuraofDespair.png'),
('Ability', 'TANTRUM', 'https://ddragon.leagueoflegends.com/cdn/11.14.1/img/spell/Tantrum.png'),
('Ability', 'CURSE OF THE SAD MUMMY', 'https://ddragon.leagueoflegends.com/cdn/11.14.1/img/spell/CurseoftheSadMummy.png'),
-- Lee Sin
('Ability', 'FLURRY', 'https://ddragon.leagueoflegends.com/cdn/11.14.1/img/passive/LeeSinPassive.png'),
('Ability', 'SONIC WAVE', 'https://ddragon.leagueoflegends.com/cdn/11.14.1/img/spell/LeeSinQ1.png'),
('Ability', 'SAFEGUARD', 'https://ddragon.leagueoflegends.com/cdn/11.14.1/img/spell/LeeSinW1.png'),
('Ability', 'TEMPEST', 'https://ddragon.leagueoflegends.com/cdn/11.14.1/img/spell/LeeSinE1.png'),
('Ability', 'DRAGON’S RAGE', 'https://ddragon.leagueoflegends.com/cdn/11.14.1/img/spell/LeeSinR.png'),
('Skin', 'PROJECT Yasuo', 'https://3.bp.blogspot.com/-fofl7wOQldg/U_nfstqh2GI/AAAAAAAAV68/HbDXpFdah98/s1600/Yasuo_Splash_2.jpg'),
('Skin', 'PULSEFIRE Thresh', 'https://1.bp.blogspot.com/-7e-MzU3m5Z0/XcHa8qnNs5I/AAAAAAABa2s/kd75QyP_n40aruM1isGu6LO8xJcRcC63gCLcBGAsYHQ/s1600/412013.jpg'),
('Skin', 'NIGHTBRINGER Lee Sin', 'https://images2.minutemediacdn.com/image/upload/c_fill,w_720,ar_16:9,f_auto,q_auto,g_auto/shape/cover/sport/lee-sin-1562e31c3db4b09ed136dfcb0565dda2.jpg'),
('Skin', 'HEXTECH Amumu', 'https://cdn.vox-cdn.com/thumbor/MlXu3FThPIeGl2naUJ00ky3evfA=/0x0:1215x717/1200x0/filters:focal(0x0:1215x717):no_upscale()/cdn.vox-cdn.com/uploads/chorus_asset/file/19204718/Amumu_Splash_10.jpg'),
('Skin', 'BLOOD MOON Yasuo', 'https://images-wixmp-ed30a86b8c4ca887773594c2.wixmp.com/f/3100663f-9b99-4d77-88e2-58316a938fc8/d9rchq2-a72c57c8-e98a-4834-9342-f0cc56a10c1b.png?token=eyJ0eXAiOiJKV1QiLCJhbGciOiJIUzI1NiJ9.eyJzdWIiOiJ1cm46YXBwOjdlMGQxODg5ODIyNjQzNzNhNWYwZDQxNWVhMGQyNmUwIiwiaXNzIjoidXJuOmFwcDo3ZTBkMTg4OTgyMjY0MzczYTVmMGQ0MTVlYTBkMjZlMCIsIm9iaiI6W1t7InBhdGgiOiJcL2ZcLzMxMDA2NjNmLTliOTktNGQ3Ny04OGUyLTU4MzE2YTkzOGZjOFwvZDlyY2hxMi1hNzJjNTdjOC1lOThhLTQ4MzQtOTM0Mi1mMGNjNTZhMTBjMWIucG5nIn1dXSwiYXVkIjpbInVybjpzZXJ2aWNlOmZpbGUuZG93bmxvYWQiXX0.nxMwNB_1l_fkazij2xN0z3k6GgHQFmp0f_Y8uI7a6Pk'),
('Mode', 'Ultra Rapid Fire', 'https://nexus.leagueoflegends.com/wp-content/uploads/2017/12/LOL_CMS_163_Article_01_w735liok4vjinj7gjsog.jpg'),
('Mode', 'One for All', 'https://gumlet.assettype.com/afkgaming%2F2022-04%2F06f82fc7-f6a6-4602-bc9d-559f5910c182%2FUntitled_design___2022_04_01T131343_878__1_.jpg?compress=true&dpr=1&w=480'),
('Mode', 'Ultimate Spellbook', 'https://notagamer.net/wp-content/uploads/2021/10/Ultimate_Spellbook-1024x576-1.jpg'),
('Mode', 'Soul Fighter', 'https://staticg.sportskeeda.com/editor/2023/06/d617d-16878074279718-1920.jpg'),
('Mode', 'Nexus Blitz', 'https://cdnportal.mobalytics.gg/production/2021/06/c0f4c183-nexus_blitz_jungle_1.jpg'),
('Minion', 'Caster', 'https://static.wikia.nocookie.net/lolesports_gamepedia_en/images/d/d9/Caster_MinionSquare.png'),
('Minion', 'Siege', 'https://static.wikia.nocookie.net/lolesports_gamepedia_en/images/0/0b/Siege_MinionSquare.png'),
('Minion', 'Melee', 'https://static.wikia.nocookie.net/lolesports_gamepedia_en/images/2/24/Melee_MinionSquare.png'),
('Minion', 'Super', 'https://static.wikia.nocookie.net/lolesports_gamepedia_en/images/b/b7/Super_MinionSquare.png'),
('Monster', 'Infernal Dragon', 'https://cdn.sanity.io/images/ccckgjf9/production/52e144408f40e8eb91af52c7f5849152817f27b8-1250x703.jpg'),
('Monster', 'Baron', 'https://images5.alphacoders.com/127/1271593.jpg'),
('Monster', 'Rift Herald', 'https://static.wikia.nocookie.net/leagueoflegends/images/c/c3/99NU001-full.png'),
('Monster', 'Ocean Dragon', 'https://editors.dexerto.com/wp-content/uploads/2021/08/12/League-Dragon-Rework-Season-12.jpg'),
('Monster', 'Elder Dragon', 'https://i.pinimg.com/originals/33/3b/05/333b05618ee1eeba444f508d3176d179.png');


INSERT INTO Summoner(id, level, rank, money)
VALUES ('Rookie', 10, 'Gold', 5000),
       ('Uzi', 20, 'Platinum', 7500),
       ('Theshy', 30, 'Diamond', 10000),
       ('Caps', 40, 'Master', 12500),
       ('Lwx', 50, 'Grandmaster', 15000);

INSERT INTO GameMode(name, description)
VALUES ('Ultra Rapid Fire', 'no cooldown'),
       ('One for All', 'same 5 champion'),
       ('Ultimate Spellbook', 'gain extra ability'),
       ('Soul Fighter', '2v2v2v2'),
       ('Nexus Blitz', 'more frequent fight');

INSERT INTO NonPlayerCharacter(name, health)
VALUES ('monsterA', 1200),
       ('monsterB', 3000),
       ('monsterC', 1500),
       ('monsterD', 1200),
       ('monsterE', 4500),
       ('minion1', 100),
       ('minion2', 80),
       ('minion3', 100),
       ('minion4', 80),
       ('minion5', 250),
       ('turret1', 5000),
       ('turret2', 5000),
       ('turret3', 5000),
       ('turret4', 5000),
       ('turret5', 5000);

INSERT INTO Monster(name, buff, type)
VALUES ('monsterA', 'Damage Boost', 'Infernal Dragon'),
       ('monsterB', 'Empower minions and fast recall', 'Baron'),
       ('monsterC', 'Fast recall & spawn rift', 'Rift Herald'),
       ('monsterD', 'Stronger Health Regen', 'Ocean Dragon'),
       ('monsterE', 'Execution for low health enemies', 'Elder Dragon');

INSERT INTO Minion(name, side, type)
VALUES ('minion1', 'Blue', 'Melee'),
       ('minion2', 'Blue', 'Caster'),
       ('minion3', 'Red', 'Super'),
       ('minion4', 'Red', 'Caster'),
       ('minion5', 'Blue', 'Siege');

INSERT INTO Turret(name, position)
VALUES ('turret1', 'Top Lane outer'),
       ('turret2', 'Mid Lane inner'),
       ('turret3', 'Bot Lane outer'),
       ('turret4', 'Top Lane inhibitor'),
       ('turret5', 'Mid Lane inhibitor');

INSERT INTO SelectFavorite(id, name)
VALUES ('Rookie', 'Ultra Rapid Fire'),
       ('Rookie', 'One for All'),
       ('Uzi', 'Ultra Rapid Fire'),
       ('Lwx', 'Soul Fighter'),
       ('Caps', 'Nexus Blitz');

INSERT INTO LearnAbout(id, name)
VALUES ('Rookie', 'monsterA'),
       ('Uzi', 'monsterB'),
       ('Lwx', 'monsterC'),
       ('Caps', 'monsterD'),
       ('Theshy', 'monsterE'),
       ('Rookie', 'minion1'),
       ('Uzi', 'minion2'),
       ('Lwx', 'minion3'),
       ('Caps', 'minion4'),
       ('Theshy', 'minion5'),
       ('Rookie', 'turret1'),
       ('Uzi', 'turret2'),
       ('Lwx', 'turret3'),
       ('Caps', 'turret4'),
       ('Theshy', 'turret5');

-- Populating the EpithetBackground table
INSERT INTO EpithetBackground(epithet, background_story)
VALUES 
('The Unforgiven', 
 'In a land painted with betrayal and deception, one sword stood as a beacon of justice. Yet, even it fell victim to the corrosive nature of lies. Its gleaming blade tarnished, not with use, but with treachery. The story of this sword is not one of heroes or villains, but of redemption and vengeance. It is a tale inked with blood, each droplet a testament to its unyielding spirit.'),
('The Exile', 
 'In the vastness of an unforgiving world, a broken-sword wielding exile trudged through deserts and mountains. Her sword, once a symbol of honor, now shattered, just like the trust she once held. Each step, a journey towards mending not just the blade, but her fragmented soul. Through tempests and trials, she seeks not revenge, but atonement and a chance to once again stand tall.'),
('The Chain Warden', 
 'In the haunting mist of the Shadow Isles, Thresh emerged as a spirit not bound by the melancholy of his peers. Ambitious, relentless, and ever scheming, he seeks not just souls, but the pure ecstasy in their torment. His chains, an extension of his wicked will, are always ready to ensnare those who dare to venture close, drawing them into an abyss of eternal despair.'),
('The Sad Mummy', 
 'Legend speaks of a time when joy and laughter filled the world, and among them was a child mummy, gleeful and radiant. But a curse, cruel and unyielding, tore away his happiness, leaving him a lonely and melancholy soul. Now, he roams the world, wrapped in bandages and sorrow, yearning for the embrace of a friend, hoping to mend his broken heart.'),
('The Blind Monk', 
 'In the heart of an ancient monastery, lived a monk whose sight was taken not by age or ailment, but by choice. For in blindness, he saw the world more clearly than those with sight. With every resonating echo and whispering wind, he perceived truths that remained hidden from the world. Many see only a blind man, but in battle, with swift kicks and resonating strikes, he opens their eyes to the profound depths of his abilities.');

INSERT INTO ChampionBCNF(name, cost, region, epithet)
VALUES ('Yasuo', 4800, 'Ionia', 'The Unforgiven'),
       ('Riven', 2500, 'Noxus', 'The Exile'),
       ('Thresh', 10000, 'Shadow Isles', 'The Chain Warden'),
       ('Amumu', 450, 'Shurima', 'The Sad Mummy'),
       ('Lee Sin', 4800, 'Ionia', 'The Blind Monk');

INSERT INTO Play(id, name)
VALUES ('Rookie', 'Yasuo'),
       ('Rookie', 'Riven'),
       ('Uzi', 'Yasuo'),
       ('Lwx', 'Amumu'),
       ('Caps', 'Lee Sin');

INSERT INTO StatisticProduced(id, name, type, value)
VALUES ('Uzi', 'Yasuo', 'Kills', 12),
       ('Uzi', 'Yasuo', 'Assists', 7),
       ('Uzi', 'Yasuo', 'Deads', 5),
       ('Uzi', 'Yasuo', 'Roaming score', 6),
       ('Uzi', 'Yasuo', 'Gold earned', 12000),
       ('Rookie', 'Riven', 'Kills', 6),
       ('Rookie', 'Riven', 'Assists', 10),
       ('Rookie', 'Riven', 'Deads', 8),
       ('Rookie', 'Riven', 'Roaming score', 3),
       ('Rookie', 'Riven', 'Gold earned', 9000),
       ('Caps', 'Lee Sin', 'Kills', 15),
       ('Caps', 'Lee Sin', 'Assists', 9),
       ('Caps', 'Lee Sin', 'Deads', 4),
       ('Caps', 'Lee Sin', 'Roaming score', 5),
       ('Caps', 'Lee Sin', 'Gold earned', 11000),
       ('Lwx', 'Amumu', 'Kills', 4),
       ('Lwx', 'Amumu', 'Assists', 20),
       ('Lwx', 'Amumu', 'Deads', 2),
       ('Lwx', 'Amumu', 'Roaming score', 7),
       ('Lwx', 'Amumu', 'Gold earned', 8500),
       ('Rookie', 'Thresh', 'Kills', 2),
       ('Rookie', 'Thresh', 'Assists', 25),
       ('Rookie', 'Thresh', 'Deads', 1),
       ('Rookie', 'Thresh', 'Roaming score', 8),
       ('Rookie', 'Thresh', 'Gold earned', 7000);

INSERT INTO StoreVisit(storeID, promotion, id)
VALUES ('store 1', '20', 'Uzi'),
       ('store 2', '30', 'Rookie'),
       ('store 3', '45', 'Theshy'),
       ('store 4', '10', 'Caps'),
       ('store 5', '20', 'Lwx');

INSERT INTO Sell1(name, storeID)
VALUES ('Riven', 'store 1'),
       ('Lee Sin', 'store 1'),
       ('Thresh', 'store 1'),
       ('Amumu', 'store 1'),
       ('Lee Sin', 'store 2'),
       ('Thresh', 'store 2'),
       ('Amumu', 'store 2'),
       ('Thresh', 'store 3'),
       ('Amumu', 'store 3'),
       ('Yasuo', 'store 3'),
       ('Riven', 'store 3'),
       ('Lee Sin', 'store 3'),
       ('Amumu', 'store 4'),
       ('Yasuo', 'store 4'),
       ('Riven', 'store 4'),
       ('Thresh', 'store 4'),
       ('Lee Sin', 'store 5'),
       ('Yasuo', 'store 5'),
       ('Riven', 'store 5'),
       ('Thresh', 'store 5');

INSERT INTO Sell2(name, storeID)
VALUES ('PROJECT Yasuo', 'store 1'),
       ('NIGHTBRINGER Lee Sin', 'store 1'),
       ('HEXTECH Amumu', 'store 1'),
       ('PULSEFIRE Thresh', 'store 1'),
       ('PULSEFIRE Thresh', 'store 2'),
       ('HEXTECH Amumu', 'store 3'),
       ('PROJECT Yasuo', 'store 3'),
       ('NIGHTBRINGER Lee Sin', 'store 3'),
       ('PULSEFIRE Thresh', 'store 3'),
       ('BLOOD MOON Yasuo', 'store 3'),
       ('PULSEFIRE Thresh', 'store 4'),
       ('HEXTECH Amumu', 'store 4'),
       ('PROJECT Yasuo', 'store 4'),
       ('BLOOD MOON Yasuo', 'store 4'),
       ('PROJECT Yasuo', 'store 5'),
       ('PULSEFIRE Thresh', 'store 5'),
       ('NIGHTBRINGER Lee Sin', 'store 5'),
       ('BLOOD MOON Yasuo', 'store 5');

INSERT INTO TypeCost(type, cost)
VALUES ('Ultimate', 3250),
       ('Legendary', 1820),
       ('Mythic', 2000),
       ('Standard', 975),
       ('Epic', 1350);

INSERT INTO Owns(id, skin_name)
VALUES ('Rookie', 'PROJECT Yasuo'),
       ('Uzi', 'BLOOD MOON Yasuo'),
       ('Caps', 'NIGHTBRINGER Lee Sin'),
       ('Lwx', 'HEXTECH Amumu'),
       ('Rookie', 'BLOOD MOON Yasuo'),
       ('Rookie', 'NIGHTBRINGER Lee Sin'),
       ('Rookie', 'HEXTECH Amumu');

INSERT INTO SkinDecorateBCNF(skin_name, type, champion_name)
VALUES ('PROJECT Yasuo', 'Epic', 'Yasuo'),
       ('NIGHTBRINGER Lee Sin', 'Epic', 'Lee Sin'),
       ('HEXTECH Amumu', 'Mythic', 'Amumu'),
       ('PULSEFIRE Thresh', 'Legendary', 'Thresh'),
       ('BLOOD MOON Yasuo', 'Epic', 'Yasuo');

INSERT INTO AbilityOwned(ability_name, cooldown, key, description, champion_name)
VALUES ('WAY OF THE WANDERER', 60, 'P', 'Yasuo’s resolve hardens as he moves, represented by his passive Resolve Bar. Resolve is divided into two parts, Resolve Flow and Resolve Steel, enhancing Yasuo’s abilities in different ways.', 'Yasuo'),
       ('STEEL TEMPEST', 8, 'Q', 'Yasuo thrusts forward with his sword, damaging all enemies in a line. Successfully landing Steel Tempest grants Yasuo Gathering Storm stacks for a short period.', 'Yasuo'),
       ('WIND WALL', 40, 'W', 'Yasuo creates a gust of wind that travels forward to form a wall, blocking all enemy projectiles except tower attacks.', 'Yasuo'),
       ('SWEEPING BLADE', 5, 'E', 'Yasuo dashes through the target enemy, dealing magic damage and marking them briefly. Each cast increases his next dash’s base damage.', 'Yasuo'),
       ('LAST BREATH', 120, 'R', 'Yasuo blinks to a nearby airborne enemy champion, immobilizing them and increasing his armor penetration significantly for a brief duration. He then deals physical damage to the target.', 'Yasuo'),
       ('RUNIC BLADE', 60, 'P', 'Riven’s abilities charge her blade, and her basic attacks expend charges to deal an additional physical damage. Her blade may be charged up to three times.', 'Riven'),
       ('BROKEN WINGS', 8, 'Q', 'Riven lashes out in a series of three strikes. The final strike can knock back surrounding enemies and all strikes deal physical damage.', 'Riven'),
       ('KI BURST', 40, 'W', 'Riven emits a Ki Burst, damaging and stunning nearby enemies. The radius of effect increases with each ability rank.', 'Riven'),
       ('VALOR', 5, 'E', 'Riven steps forward a short distance and gains a shield, absorbing incoming damage.', 'Riven'),
       ('BLADE OF THE EXILE', 120, 'R', 'Riven empowers her keepsake weapon with energy, extending her attack range and granting her bonus attack damage. She can also activate this ability to perform Wind Slash, dealing physical damage to all enemies hit.', 'Riven');

-- Thresh Abilities
INSERT INTO AbilityOwned(ability_name, cooldown, key, description, champion_name)
VALUES ('DAMNATION', 60, 'P', 'Thresh collects the souls of dead enemies, granting him armor and ability power.', 'Thresh'),
       ('DEATH SENTENCE', 12, 'Q', 'Thresh throws his scythe, latching on to the first enemy hit, damaging and stunning them.', 'Thresh'),
       ('DARK PASSAGE', 22, 'W', 'Thresh throws a lantern that shields allies and can pull them to his location.', 'Thresh'),
       ('FLAY', 9, 'E', 'Thresh sweeps his chain in a line, damaging and knocking back enemies.', 'Thresh'),
       ('THE BOX', 140, 'R', 'Thresh creates a prison of spectral walls around him, damaging and slowing enemies that pass through the walls.', 'Thresh');

-- Amumu Abilities
INSERT INTO AbilityOwned(ability_name, cooldown, key, description, champion_name)
VALUES ('CURSED TOUCH', 10, 'P', 'Amumu’s attacks reduce the target’s magic resistance for a short duration.', 'Amumu'),
       ('BANDAGE TOSS', 16, 'Q', 'Amumu tosses a sticky bandage at a target, stunning and damaging the target while pulling himself to them.', 'Amumu'),
       ('DESPAIR', 1, 'W', 'Amumu weeps, dealing magic damage to surrounding enemies every second.', 'Amumu'),
       ('TANTRUM', 8, 'E', 'Amumu deals magic damage to surrounding enemies. Each time Amumu is hit, the cooldown on Tantrum is reduced.', 'Amumu'),
       ('CURSE OF THE SAD MUMMY', 150, 'R', 'Amumu entangles surrounding enemy units, dealing magic damage and stunning them.', 'Amumu');

-- Lee Sin Abilities
INSERT INTO AbilityOwned(ability_name, cooldown, key, description, champion_name)
VALUES ('FLURRY', 60, 'P', 'After Lee Sin uses an ability, his next two basic attacks gain attack speed and return energy.', 'Lee Sin'),
       ('SONIC WAVE', 11, 'Q', 'Lee Sin shoots a wave of sound, damaging the first enemy it hits. He can then activate Resonating Strike to dash to the marked target.', 'Lee Sin'),
       ('SAFEGUARD', 14, 'W', 'Lee Sin dashes to a target ally, shielding them both from damage. He can then cast Iron Will to heal himself.', 'Lee Sin'),
       ('TEMPEST', 10, 'E', 'Lee Sin smashes the ground, sending out a shockwave that damages and slows enemies.', 'Lee Sin'),
       ('DRAGON’S RAGE', 90, 'R', 'Lee Sin performs a powerful roundhouse kick, launching his target back and damaging enemies they collide with.', 'Lee Sin');

